{
    "main": {
        "sensitivity": [
            0.47368421052631576,
            0.0,
            0.5773809523809523,
            0.1936416184971098,
            0.27692307692307694,
            0.04,
            0.26262626262626265,
            0.7348484848484849,
            1.0,
            0.0,
            0.5483870967741935,
            0.0,
            0.013888888888888888,
            0.010752688172043012
        ],
        "specificity": [
            0.9846698113207547,
            1.0,
            1.0,
            1.0,
            1.0,
            1.0,
            1.0,
            1.0,
            0.4049479166666667,
            1.0,
            1.0,
            1.0,
            0.9987244897959183,
            1.0
        ]
    },
    "ablated": {
        "sensitivity": [
            0.47368421052631576,
            0.0,
            0.5773809523809523,
            0.1936416184971098,
            0.27692307692307694,
            0.04,
            0.26262626262626265,
            0.7348484848484849,
            1.0,
            0.0,
            0.5483870967741935,
            0.0,
            0.013888888888888888,
            0.010752688172043012
        ],
        "specificity": [
            0.9846698113207547,
            1.0,
            1.0,
            1.0,
            1.0,
            1.0,
            1.0,
            1.0,
            0.4049479166666667,
            1.0,
            1.0,
            1.0,
            0.9987244897959183,
            1.0
        ]
    }
}